Employee_Name,EmpID,Position,DOB,Sex,MaritalDesc,CitizenDesc,RaceDesc,DateofHire,DateofTermination,TermReason,EmploymentStatus,Department,ManagerName,ManagerID,RecruitmentSource,PerformanceScore,EngagementSurvey,EmpSatisfaction,LastPerformanceReview_Date,Absences
"Adinolfi, Wilson  K",10026,Production Technician I,07/10/1983,M ,Single,US Citizen,White,07/05/2011,,N/A-StillEmployed,Active,Production       ,Michael Albert,22,LinkedIn,Exceeds,4.6,5,1/17/2019,1
"Ait Sidi, Karthikeyan   ",10084,Sr. DBA,05/05/1975,M ,Married,US Citizen,White,3/30/2015,6/16/2016,career change,Voluntarily Terminated,IT/IS,Simon Roup,4,Indeed,Fully Meets,4.96,3,2/24/2016,17
"Akinkuolie, Sarah",10196,Production Technician II,09/19/88,F,Married,US Citizen,White,07/05/2011,9/24/2012,hours,Voluntarily Terminated,Production       ,Kissy Sullivan,20,LinkedIn,Fully Meets,3.02,3,5/15/2012,3
"Alagbe,Trina",10088,Production Technician I,09/27/88,F,Married,US Citizen,White,01/07/2008,,N/A-StillEmployed,Active,Production       ,Elijiah Gray,16,Indeed,Fully Meets,4.84,5,01/03/2019,15
"Anderson, Carol ",10069,Production Technician I,09/08/1989,F,Divorced,US Citizen,White,07/11/2011,09/06/2016,return to school,Voluntarily Terminated,Production       ,Webster Butler,39,Google Search,Fully Meets,5,4,02/01/2016,2
"Anderson, Linda  ",10002,Production Technician I,05/22/77,F,Single,US Citizen,White,01/09/2012,,N/A-StillEmployed,Active,Production       ,Amy Dunn,11,LinkedIn,Exceeds,5,5,01/07/2019,15
"Andreola, Colby",10194,Software Engineer,05/24/79,F,Single,US Citizen,White,11/10/2014,,N/A-StillEmployed,Active,Software Engineering,Alex Sweetwater,10,LinkedIn,Fully Meets,3.04,3,01/02/2019,19
"Athwal, Sam",10062,Production Technician I,02/18/83,M ,Widowed,US Citizen,White,9/30/2013,,N/A-StillEmployed,Active,Production       ,Ketsia Liebig,19,Employee Referral,Fully Meets,5,4,2/25/2019,19
"Bachiochi, Linda",10114,Production Technician I,02/11/1970,F,Single,US Citizen,Black or African American,07/06/2009,,N/A-StillEmployed,Active,Production       ,Brannon Miller,12,Diversity Job Fair,Fully Meets,4.46,3,1/25/2019,4
"Bacong, Alejandro ",10250,IT Support,01/07/1988,M ,Divorced,US Citizen,White,01/05/2015,,N/A-StillEmployed,Active,IT/IS,Peter Monroe,7,Indeed,Fully Meets,5,5,2/18/2019,16
"Baczenski, Rachael  ",10252,Production Technician I,01/12/1974,F,Married,US Citizen,Black or African American,01/10/2011,01/12/2017,Another position,Voluntarily Terminated,Production       ,David Stanley,14,Diversity Job Fair,Fully Meets,4.2,4,1/30/2016,12
"Barbara, Thomas",10242,Production Technician I,02/21/74,M ,Married,US Citizen,Black or African American,04/02/2012,9/19/2016,unhappy,Voluntarily Terminated,Production       ,Kissy Sullivan,20,Diversity Job Fair,Fully Meets,4.2,3,05/06/2016,15
"Barbossa, Hector",10012,Data Analyst,07/04/1988,M ,Divorced,US Citizen,Black or African American,11/10/2014,,N/A-StillEmployed,Active,IT/IS,Simon Roup,4,Diversity Job Fair,Exceeds,4.28,4,2/25/2019,9
"Barone, Francesco  A",10265,Production Technician I,07/20/83,M ,Single,US Citizen,Two or more races,2/20/2012,,N/A-StillEmployed,Active,Production       ,Kelley Spirea,18,Google Search,Fully Meets,4.6,4,2/14/2019,7
"Barton, Nader",10066,Production Technician I,07/15/77,M ,Divorced,US Citizen,White,9/24/2012,04/06/2017,Another position,Voluntarily Terminated,Production       ,Michael Albert,22,On-line Web application,Fully Meets,5,5,03/02/2017,1
"Bates, Norman",10061,Production Technician I,10/18/81,M ,Single,US Citizen,White,2/21/2011,08/04/2017,attendance,Terminated for Cause,Production       ,Kelley Spirea,18,Google Search,Fully Meets,5,4,04/05/2017,20
"Beak, Kimberly  ",10023,Production Technician II,04/17/66,F,Married,US Citizen,White,7/21/2016,,N/A-StillEmployed,Active,Production       ,Kelley Spirea,18,Employee Referral,Exceeds,4.4,3,1/14/2019,16
"Beatrice, Courtney ",10055,Production Technician I,10/27/70,F,Single,Eligible NonCitizen,White,04/04/2011,,N/A-StillEmployed,Active,Production       ,Elijiah Gray,16,Google Search,Fully Meets,5,5,1/14/2019,12
"Becker, Renee",10245,Database Administrator,04/04/1986,F,Single,US Citizen,White,07/07/2014,09/12/2015,performance,Terminated for Cause,IT/IS,Simon Roup,4,Google Search,Fully Meets,4.5,4,1/15/2015,8
"Becker, Scott",10277,Production Technician I,04/06/1979,M ,Single,US Citizen,Asian,07/08/2013,,N/A-StillEmployed,Active,Production       ,Webster Butler,,LinkedIn,Fully Meets,4.2,4,01/11/2019,13
"Bernstein, Sean",10046,Production Technician I,12/22/70,M ,Single,US Citizen,White,04/02/2012,,N/A-StillEmployed,Active,Production       ,Amy Dunn,11,Google Search,Fully Meets,5,3,1/14/2019,13
"Biden, Lowan  M",10226,Production Technician I,12/27/58,F,Divorced,US Citizen,Asian,8/19/2013,,N/A-StillEmployed,Active,Production       ,Ketsia Liebig,19,Indeed,Fully Meets,4.2,3,01/10/2019,2
"Billis, Helen",10003,Production Technician I,09/01/1989,F,Married,US Citizen,White,07/07/2014,,N/A-StillEmployed,Active,Production       ,Brannon Miller,12,Indeed,Exceeds,5,3,2/27/2019,19
"Blount, Dianna",10294,Production Technician II,09/21/90,F,Single,US Citizen,White,04/04/2011,,N/A-StillEmployed,Active,Production       ,Michael Albert,22,CareerBuilder,Needs Improvement,2,3,2/27/2019,3
"Bondwell, Betsy",10267,Production Technician II,01/16/67,F,Single,US Citizen,White,01/10/2011,04/04/2014,career change,Voluntarily Terminated,Production       ,Elijiah Gray,16,Google Search,Fully Meets,4.8,5,03/04/2014,5
"Booth, Frank",10199,Enterprise Architect,07/30/64,M ,Single,US Citizen,Black or African American,2/17/2014,2/19/2016,Learned that he is a gangster,Terminated for Cause,IT/IS,Simon Roup,4,LinkedIn,Fully Meets,3.5,5,01/10/2016,2
"Boutwell, Bonalyn",10081,Sr. Accountant,04/04/1987,F,Married,US Citizen,Black or African American,2/16/2015,,N/A-StillEmployed,Active,Admin Offices,Brandon R. LeBlanc,3,Diversity Job Fair,Fully Meets,5,4,2/18/2019,4
"Bozzi, Charles",10175,Production Manager,03/10/1970,M ,Single,US Citizen,Asian,9/30/2013,08/07/2014,retiring,Voluntarily Terminated,Production       ,Janet King,2,Indeed,Fully Meets,3.39,3,2/20/2014,14
"Brill, Donna",10177,Production Technician I,08/24/90,F,Married,US Citizen,White,04/02/2012,6/15/2013,Another position,Voluntarily Terminated,Production       ,David Stanley,14,Google Search,Fully Meets,3.35,4,03/04/2013,6
"Brown, Mia",10238,Accountant I,11/24/87,F,Married,US Citizen,Black or African American,10/27/2008,,N/A-StillEmployed,Active,Admin Offices,Brandon R. LeBlanc,1,Diversity Job Fair,Fully Meets,4.5,2,1/15/2019,14
"Buccheri, Joseph  ",10184,Production Technician II,07/28/83,M ,Single,US Citizen,White,9/29/2014,,N/A-StillEmployed,Active,Production       ,Webster Butler,,Google Search,Fully Meets,3.19,3,02/01/2019,9
"Bugali, Josephine ",10203,Production Technician I,10/30/69,F,Separated,US Citizen,Black or African American,11/11/2013,,N/A-StillEmployed,Active,Production       ,Kissy Sullivan,20,Diversity Job Fair,Fully Meets,3.5,5,1/21/2019,17
"Bunbury, Jessica",10188,Area Sales Manager,06/01/1964,F,Married,Eligible NonCitizen,Black or African American,8/15/2011,08/02/2014,Another position,Voluntarily Terminated,Sales,John Smith,17,Google Search,Fully Meets,3.14,5,02/10/2013,19
"Burke, Joelle",10107,Production Technician II,03/02/1980,F,Single,US Citizen,Black or African American,03/05/2012,,N/A-StillEmployed,Active,Production       ,Amy Dunn,11,Employee Referral,Fully Meets,4.51,4,2/21/2019,3
"Burkett, Benjamin ",10181,Production Technician II,08/19/77,M ,Married,US Citizen,White,04/04/2011,,N/A-StillEmployed,Active,Production       ,Ketsia Liebig,19,Indeed,Fully Meets,3.25,5,1/14/2019,15
"Cady, Max ",10150,Software Engineering Manager,11/22/66,M ,Single,US Citizen,White,8/15/2011,,N/A-StillEmployed,Active,Software Engineering,Jennifer Zamora,5,Google Search,Fully Meets,3.84,3,1/21/2019,4
"Candie, Calvin",10001,Production Manager,08/09/1983,M ,Single,US Citizen,White,1/28/2016,,N/A-StillEmployed,Active,Production       ,Janet King,2,Indeed,Exceeds,5,3,2/22/2019,14
"Carabbio, Judith",10085,Software Engineer,04/05/1987,F,Single,US Citizen,White,11/11/2013,,N/A-StillEmployed,Active,Software Engineering,Alex Sweetwater,10,Indeed,Fully Meets,4.96,4,1/30/2019,3
"Carey, Michael  ",10115,Production Technician I,02/02/1983,M ,Single,US Citizen,Black or African American,3/31/2014,,N/A-StillEmployed,Active,Production       ,Kelley Spirea,18,LinkedIn,Fully Meets,4.43,3,02/01/2019,14
"Carr, Claudia  N",10082,Sr. DBA,06/06/1986,F,Single,US Citizen,Black or African American,6/30/2016,,N/A-StillEmployed,Active,IT/IS,Simon Roup,4,LinkedIn,Fully Meets,5,5,2/18/2019,7
"Carter, Michelle ",10040,Area Sales Manager,05/15/63,F,Single,US Citizen,White,8/18/2014,,N/A-StillEmployed,Active,Sales,John Smith,17,Indeed,Fully Meets,5,5,1/21/2019,7
"Chace, Beatrice ",10067,Production Technician I,01/02/1951,F,Single,US Citizen,White,9/29/2014,,N/A-StillEmployed,Active,Production       ,Michael Albert,22,Google Search,Fully Meets,5,4,02/12/2019,11
"Champaigne, Brian",10108,BI Director,02/09/1972,M ,Married,US Citizen,White,09/06/2016,,N/A-StillEmployed,Active,IT/IS,Jennifer Zamora,5,Indeed,Fully Meets,4.5,5,1/15/2019,8
"Chan, Lin",10210,Production Technician I,02/12/1979,F,Single,US Citizen,White,05/12/2014,,N/A-StillEmployed,Active,Production       ,Elijiah Gray,16,Indeed,Fully Meets,3.3,4,2/19/2019,11
"Chang, Donovan  E",10154,Production Technician I,08/24/83,M ,Single,US Citizen,White,07/08/2013,,N/A-StillEmployed,Active,Production       ,Webster Butler,,LinkedIn,Fully Meets,3.8,5,1/14/2019,4
"Chigurh, Anton",10200,Area Sales Manager,06/11/1970,M ,Single,Eligible NonCitizen,Black or African American,5/14/2012,,N/A-StillEmployed,Active,Sales,Lynn Daneault,21,Employee Referral,Fully Meets,3,5,1/19/2019,17
"Chivukula, Enola",10240,Production Technician I,08/27/83,F,Single,US Citizen,White,6/27/2011,11/15/2015,relocation out of area,Voluntarily Terminated,Production       ,Amy Dunn,11,Indeed,Fully Meets,4.3,4,03/10/2015,3
"Cierpiszewski, Caroline  ",10168,Production Technician I,05/31/88,F,Single,Non-Citizen,Black or African American,10/03/2011,,N/A-StillEmployed,Active,Production       ,Ketsia Liebig,19,Indeed,Fully Meets,3.58,5,1/30/2019,3
"Clayton, Rick",10220,IT Support,09/05/1985,M ,Single,US Citizen,White,09/05/2012,,N/A-StillEmployed,Active,IT/IS,Eric Dougall,6,Indeed,Fully Meets,4.7,3,2/27/2019,2
"Cloninger, Jennifer",10275,Production Technician II,08/31/81,F,Married,US Citizen,White,5/16/2011,01/07/2013,unhappy,Voluntarily Terminated,Production       ,Brannon Miller,12,Google Search,Fully Meets,4.2,5,05/03/2012,9
"Close, Phil",10269,Production Technician II,11/25/78,M ,Married,US Citizen,White,8/30/2010,9/26/2011,career change,Voluntarily Terminated,Production       ,David Stanley,14,Indeed,Fully Meets,4.2,4,05/04/2011,6
"Clukey, Elijian",10029,Production Technician I,08/26/80,M ,Married,US Citizen,White,07/06/2016,,N/A-StillEmployed,Active,Production       ,Brannon Miller,12,Employee Referral,Exceeds,4.1,4,2/28/2019,5
"Cockel, James",10261,Production Technician I,09/08/1977,M ,Single,US Citizen,White,07/08/2013,,N/A-StillEmployed,Active,Production       ,David Stanley,14,Employee Referral,Fully Meets,4.4,5,1/14/2019,3
"Cole, Spencer",10292,Production Technician I,08/12/1979,M ,Single,US Citizen,Black or African American,07/11/2011,9/23/2016,performance,Terminated for Cause,Production       ,Kissy Sullivan,20,LinkedIn,Needs Improvement,2,3,05/01/2016,16
"Corleone, Michael",10282,Production Manager,12/17/75,M ,Divorced,US Citizen,White,7/20/2010,,N/A-StillEmployed,Active,Production       ,Janet King,2,CareerBuilder,Needs Improvement,4.13,2,1/14/2019,3
"Corleone, Vito",10019,Director of Operations,03/19/83,M ,Single,US Citizen,Black or African American,01/05/2009,,N/A-StillEmployed,Active,Production       ,Janet King,2,Indeed,Exceeds,3.7,5,02/04/2019,15
"Cornett, Lisa ",10094,Production Technician I,03/31/77,F,Married,US Citizen,White,01/05/2015,,N/A-StillEmployed,Active,Production       ,Kelley Spirea,18,Indeed,Fully Meets,4.73,5,2/14/2019,6
"Costello, Frank",10193,Data Analyst,08/26/86,M ,Married,US Citizen,White,3/30/2015,,N/A-StillEmployed,Active,IT/IS,Simon Roup,4,Indeed,Fully Meets,3.04,3,1/22/2019,2
"Crimmings,   Jean",10132,Production Technician I,04/10/1987,F,Single,US Citizen,White,07/06/2016,,N/A-StillEmployed,Active,Production       ,Michael Albert,22,LinkedIn,Fully Meets,4.12,5,1/28/2019,15
"Cross, Noah",10083,Sr. Network Engineer,09/09/1965,M ,Single,US Citizen,White,11/10/2014,,N/A-StillEmployed,Active,IT/IS,Peter Monroe,7,Employee Referral,Fully Meets,5,3,01/02/2019,5
"Daneault, Lynn",10099,Sales Manager,04/19/90,F,Single,US Citizen,White,05/05/2014,,N/A-StillEmployed,Active,Sales,Debra Houlihan,15,Indeed,Fully Meets,4.62,4,1/24/2019,8
"Daniele, Ann  ",10212,Sr. Network Engineer,01/18/52,F,Married,US Citizen,White,11/10/2014,,N/A-StillEmployed,Active,IT/IS,Peter Monroe,7,LinkedIn,Fully Meets,3.1,5,02/12/2019,19
"Darson, Jene'ya ",10056,Production Technician I,11/05/1978,F,Married,US Citizen,White,07/02/2012,,N/A-StillEmployed,Active,Production       ,Elijiah Gray,16,Indeed,Fully Meets,5,3,2/25/2019,1
"Davis, Daniel",10143,Production Technician II,09/14/79,M ,Single,Eligible NonCitizen,Two or more races,11/07/2011,,N/A-StillEmployed,Active,Production       ,Kissy Sullivan,20,LinkedIn,Fully Meets,3.96,4,2/27/2019,6
"Dee, Randy",10311,Production Technician I,04/15/88,M ,Married,US Citizen,White,07/09/2018,,N/A-StillEmployed,Active,Production       ,Brannon Miller,12,Indeed,Fully Meets,4.3,4,1/31/2019,2
"DeGweck,  James",10070,Production Technician I,10/31/77,M ,Married,US Citizen,White,5/16/2011,06/08/2016,unhappy,Voluntarily Terminated,Production       ,Webster Butler,39,Indeed,Fully Meets,5,4,04/02/2016,14
"Del Bosque, Keyla",10155,Software Engineer,07/05/1979,F,Single,US Citizen,Black or African American,01/09/2012,,N/A-StillEmployed,Active,Software Engineering,Alex Sweetwater,10,CareerBuilder,Fully Meets,3.79,5,1/25/2019,8
"Delarge, Alex",10306,Area Sales Manager,11/02/1975,M ,Single,US Citizen,Two or more races,9/29/2014,,N/A-StillEmployed,Active,Sales,John Smith,17,Indeed,PIP,1.93,3,1/30/2019,5
"Demita, Carla",10100,Production Technician II,02/25/51,F,Separated,US Citizen,Black or African American,04/04/2011,11/04/2015,more money,Voluntarily Terminated,Production       ,Kelley Spirea,18,Google Search,Fully Meets,4.62,5,05/06/2015,1
"Desimone, Carl ",10310,Production Technician I,04/19/67,M ,Married,US Citizen,White,07/07/2014,,N/A-StillEmployed,Active,Production       ,Amy Dunn,11,Indeed,PIP,1.12,2,1/31/2019,9
"DeVito, Tommy",10197,BI Developer,09/04/1983,M ,Single,US Citizen,White,2/15/2017,,N/A-StillEmployed,Active,IT/IS,Brian Champaigne,13,Indeed,Fully Meets,3.01,5,1/23/2019,15
"Dickinson, Geoff ",10276,Production Technician I,11/15/82,M ,Single,US Citizen,White,05/12/2014,,N/A-StillEmployed,Active,Production       ,Ketsia Liebig,19,Indeed,Fully Meets,4.3,4,2/19/2019,1
"Dietrich, Jenna  ",10304,Area Sales Manager,05/14/87,F,Single,US Citizen,White,2/20/2012,,N/A-StillEmployed,Active,Sales,John Smith,17,Website,PIP,2.3,1,1/29/2019,17
"DiNocco, Lily ",10284,Production Technician I,12/02/1978,F,Married,US Citizen,Black or African American,01/07/2013,,N/A-StillEmployed,Active,Production       ,Brannon Miller,12,Indeed,Needs Improvement,3.88,4,1/18/2019,6
"Dobrin, Denisa  S",10207,Production Technician I,10/07/1986,F,Single,US Citizen,White,04/02/2012,,N/A-StillEmployed,Active,Production       ,David Stanley,14,CareerBuilder,Fully Meets,3.4,5,2/19/2019,15
"Dolan, Linda",10133,IT Support,07/18/88,F,Married,US Citizen,White,01/05/2015,,N/A-StillEmployed,Active,IT/IS,Peter Monroe,7,Employee Referral,Fully Meets,4.11,4,2/25/2019,16
"Dougall, Eric",10028,IT Manager - Support,07/09/1970,M ,Single,US Citizen,Black or African American,01/05/2014,,N/A-StillEmployed,Active,IT/IS,Jennifer Zamora,5,Indeed,Exceeds,4.3,5,01/04/2019,4
"Driver, Elle",10006,Area Sales Manager,11/08/1988,F,Single,US Citizen,White,01/10/2011,,N/A-StillEmployed,Active,Sales,Lynn Daneault,21,Indeed,Exceeds,4.77,5,1/27/2019,14
"Dunn, Amy  ",10105,Production Manager,11/28/73,F,Single,US Citizen,White,9/18/2014,,N/A-StillEmployed,Active,Production       ,Janet King,2,Google Search,Fully Meets,4.52,4,1/15/2019,4
"Dunne, Amy",10211,Production Technician I,09/23/73,F,Married,US Citizen,White,4/26/2010,,N/A-StillEmployed,Active,Production       ,Ketsia Liebig,19,Google Search,Fully Meets,2.9,3,1/21/2019,6
"Eaton, Marianne",10064,Production Technician I,09/05/1991,F,Married,US Citizen,White,04/04/2011,06/06/2017,military,Voluntarily Terminated,Production       ,Kissy Sullivan,20,Google Search,Fully Meets,5,3,04/09/2017,7
"Engdahl, Jean",10247,Production Technician I,05/31/74,M ,Single,US Citizen,White,11/10/2014,,N/A-StillEmployed,Active,Production       ,Kelley Spirea,18,LinkedIn,Fully Meets,4.7,5,2/13/2019,8
"England, Rex",10235,Production Technician I,08/25/78,M ,Married,US Citizen,White,3/31/2014,,N/A-StillEmployed,Active,Production       ,Kelley Spirea,18,Employee Referral,Fully Meets,4.2,3,01/11/2019,3
"Erilus, Angela",10299,Production Technician II,08/25/89,F,Separated,US Citizen,White,07/07/2014,,N/A-StillEmployed,Active,Production       ,Michael Albert,22,Indeed,PIP,3,1,2/25/2019,5
"Estremera, Miguel",10280,Production Technician I,09/02/1983,M ,Single,US Citizen,White,04/02/2012,9/27/2018,attendance,Terminated for Cause,Production       ,Michael Albert,22,Google Search,Needs Improvement,5,4,04/12/2018,16
"Evensen, April",10296,Production Technician I,05/06/1989,F,Single,US Citizen,White,2/17/2014,2/25/2018,"no-call, no-show",Terminated for Cause,Production       ,Elijiah Gray,16,Google Search,Needs Improvement,2.3,3,1/15/2017,19
"Exantus, Susan",10290,Software Engineer,05/15/87,F,Married,US Citizen,Black or African American,05/02/2011,06/05/2013,attendance,Terminated for Cause,Software Engineering,Alex Sweetwater,10,Indeed,Needs Improvement,2.1,5,08/10/2012,19
"Faller, Megan ",10263,Production Technician II,09/22/78,F,Married,US Citizen,Black or African American,07/07/2014,,N/A-StillEmployed,Active,Production       ,Elijiah Gray,16,LinkedIn,Fully Meets,4.4,5,2/22/2019,17
"Fancett, Nicole",10136,Production Technician II,09/27/87,F,Single,US Citizen,Black or African American,2/17/2014,,N/A-StillEmployed,Active,Production       ,Webster Butler,,LinkedIn,Fully Meets,4,4,01/07/2019,7
"Ferguson, Susan",10189,Production Technician I,04/14/55,F,Married,US Citizen,White,11/07/2011,5/17/2016,military,Voluntarily Terminated,Production       ,Webster Butler,39,Google Search,Fully Meets,3.13,3,02/04/2016,16
"Fernandes, Nilson  ",10308,Production Technician I,10/18/89,M ,Married,US Citizen,White,05/11/2015,,N/A-StillEmployed,Active,Production       ,Amy Dunn,11,Indeed,PIP,1.56,5,01/03/2019,15
"Fett, Boba",10309,Network Engineer,06/18/87,M ,Single,US Citizen,White,3/30/2015,,N/A-StillEmployed,Active,IT/IS,Peter Monroe,7,LinkedIn,PIP,1.2,3,02/04/2019,2
"Fidelia,  Libby",10049,Production Technician I,03/16/81,F,Married,US Citizen,White,01/09/2012,,N/A-StillEmployed,Active,Production       ,Brannon Miller,12,Google Search,Fully Meets,5,5,1/29/2019,19
"Fitzpatrick, Michael  J",10093,Production Technician II,10/01/1981,M ,Single,US Citizen,White,5/16/2011,6/24/2013,hours,Voluntarily Terminated,Production       ,Amy Dunn,11,Google Search,Fully Meets,4.76,5,04/05/2013,20
"Foreman, Tanya",10163,Production Technician II,11/08/1983,F,Married,US Citizen,White,04/04/2011,01/09/2013,career change,Voluntarily Terminated,Production       ,Ketsia Liebig,19,Google Search,Fully Meets,3.66,3,01/07/2012,6
"Forrest, Alex",10305,Area Sales Manager,07/07/1975,M ,Married,US Citizen,White,9/29/2014,8/19/2018,Fatal attraction,Terminated for Cause,Sales,Lynn Daneault,21,Employee Referral,PIP,2,5,1/28/2019,7
"Foss, Jason",10015,IT Director,07/05/1980,M ,Single,US Citizen,Black or African American,4/15/2011,,N/A-StillEmployed,Active,IT/IS,Jennifer Zamora,5,Indeed,Exceeds,5,5,01/07/2019,15
"Foster-Baker, Amy",10080,Sr. Accountant,04/16/79,F,Married,US Citizen,White,01/05/2009,,N/A-StillEmployed,Active,Admin Offices,Board of Directors,9,Other,Fully Meets,5,3,02/08/2019,3
"Fraval, Maruk ",10258,Area Sales Manager,08/28/63,M ,Single,US Citizen,Black or African American,09/06/2011,,N/A-StillEmployed,Active,Sales,Lynn Daneault,21,CareerBuilder,Fully Meets,4.3,3,1/27/2019,7
"Galia, Lisa",10273,IT Support,07/06/1968,F,Single,US Citizen,White,05/01/2010,,N/A-StillEmployed,Active,IT/IS,Eric Dougall,6,LinkedIn,Fully Meets,4.7,4,02/01/2019,1
"Garcia, Raul",10111,Production Technician I,09/15/85,M ,Single,US Citizen,White,3/30/2015,,N/A-StillEmployed,Active,Production       ,David Stanley,14,Employee Referral,Fully Meets,4.5,3,2/18/2019,5
"Gaul, Barbara",10257,Production Technician I,12/02/1983,F,Single,US Citizen,Black or African American,5/16/2011,,N/A-StillEmployed,Active,Production       ,Kelley Spirea,18,LinkedIn,Fully Meets,4.2,4,2/26/2019,12
"Gentry, Mildred",10159,Production Technician I,10/01/1990,F,Married,US Citizen,Black or African American,3/30/2015,,N/A-StillEmployed,Active,Production       ,Michael Albert,22,LinkedIn,Fully Meets,3.73,3,1/16/2019,19
"Gerke, Melisa",10122,Production Technician I,05/15/70,F,Divorced,US Citizen,Black or African American,11/07/2011,11/15/2016,hours,Voluntarily Terminated,Production       ,Elijiah Gray,16,Diversity Job Fair,Fully Meets,4.24,4,4/29/2016,2
"Gill, Whitney  ",10142,Area Sales Manager,07/10/1971,F,Widowed,US Citizen,Black or African American,07/07/2014,09/05/2015,attendance,Terminated for Cause,Sales,John Smith,17,CareerBuilder,Fully Meets,3.97,4,1/15/2014,7
"Gilles, Alex",10283,Production Technician I,08/09/1974,M ,Married,US Citizen,Black or African American,04/02/2012,6/25/2015,military,Voluntarily Terminated,Production       ,Webster Butler,39,Diversity Job Fair,Needs Improvement,3.97,4,1/20/2015,15
"Girifalco, Evelyn",10018,Production Technician I,05/08/1980,F,Single,US Citizen,Two or more races,9/29/2014,,N/A-StillEmployed,Active,Production       ,Amy Dunn,11,Indeed,Exceeds,3.9,4,02/07/2019,3
"Givens, Myriam",10255,Area Sales Manager,09/22/89,F,Single,US Citizen,White,2/16/2015,,N/A-StillEmployed,Active,Sales,Lynn Daneault,21,Indeed,Fully Meets,4.5,5,1/25/2019,20
"Goble, Taisha",10246,Database Administrator,10/23/71,F,Single,US Citizen,White,2/16/2015,3/15/2015,"no-call, no-show",Terminated for Cause,IT/IS,Simon Roup,4,Indeed,Fully Meets,4.6,4,1/20/2015,10
"Goeth, Amon",10228,IT Support,11/24/89,M ,Married,US Citizen,White,3/30/2015,,N/A-StillEmployed,Active,IT/IS,Peter Monroe,7,LinkedIn,Fully Meets,4.3,5,01/10/2019,20
"Gold, Shenice  ",10243,Production Technician I,06/18/92,F,Single,US Citizen,White,11/11/2013,,N/A-StillEmployed,Active,Production       ,Ketsia Liebig,19,Indeed,Fully Meets,4.3,5,2/18/2019,7
"Gonzalez, Cayo",10031,Production Technician I,09/29/69,M ,Divorced,US Citizen,Black or African American,07/11/2011,,N/A-StillEmployed,Active,Production       ,Brannon Miller,12,Diversity Job Fair,Exceeds,4.5,4,2/18/2019,1
"Gonzalez, Juan",10300,Production Technician II,10/12/1964,M ,Married,US Citizen,Black or African American,4/26/2010,5/30/2011,career change,Voluntarily Terminated,Production       ,Brannon Miller,12,Diversity Job Fair,PIP,3,3,03/06/2011,10
"Gonzalez, Maria",10101,IT Support,04/16/81,F,Separated,US Citizen,White,01/05/2015,,N/A-StillEmployed,Active,IT/IS,Peter Monroe,7,Employee Referral,Fully Meets,4.61,4,1/28/2019,11
"Good, Susan",10237,Production Technician II,05/25/86,F,Married,US Citizen,White,05/12/2014,,N/A-StillEmployed,Active,Production       ,David Stanley,14,LinkedIn,Fully Meets,4.6,3,02/07/2019,20
"Gordon, David",10051,Production Technician I,05/21/79,M ,Married,US Citizen,White,07/02/2012,,N/A-StillEmployed,Active,Production       ,David Stanley,14,LinkedIn,Fully Meets,5,3,1/14/2019,2
"Gosciminski, Phylicia  ",10218,Production Technician II,12/08/1983,F,Separated,US Citizen,American Indian or Alaska Native,9/30/2013,,N/A-StillEmployed,Active,Production       ,Kissy Sullivan,20,Google Search,Fully Meets,4.4,5,2/21/2019,1
"Goyal, Roxana",10256,Production Technician I,10/09/1974,F,Married,US Citizen,Asian,8/19/2013,,N/A-StillEmployed,Active,Production       ,Kissy Sullivan,20,LinkedIn,Fully Meets,4.1,5,2/15/2019,3
"Gray, Elijiah  ",10098,Production Manager,07/11/1981,M ,Divorced,US Citizen,White,06/02/2015,,N/A-StillEmployed,Active,Production       ,Janet King,2,Employee Referral,Fully Meets,4.63,3,01/04/2019,2
"Gross, Paula",10059,Production Technician I,05/21/83,F,Divorced,US Citizen,White,2/21/2011,01/11/2014,more money,Voluntarily Terminated,Production       ,Kelley Spirea,18,CareerBuilder,Fully Meets,5,5,06/03/2013,17
"Gruber, Hans",10234,BI Developer,06/30/89,M ,Married,US Citizen,Black or African American,4/20/2017,,N/A-StillEmployed,Active,IT/IS,Brian Champaigne,13,Indeed,Fully Meets,4.2,5,1/28/2019,8
"Guilianno, Mike",10109,Area Sales Manager,02/09/1969,M ,Single,US Citizen,Two or more races,03/07/2012,10/31/2014,relocation out of area,Voluntarily Terminated,Sales,John Smith,17,LinkedIn,Fully Meets,4.5,5,02/01/2013,20
"Handschiegl, Joanne",10125,Production Technician I,03/23/77,F,Married,US Citizen,White,11/28/2011,,N/A-StillEmployed,Active,Production       ,Michael Albert,22,Google Search,Fully Meets,4.2,4,2/22/2019,13
"Hankard, Earnest",10074,Production Technician II,08/10/1988,M ,Single,US Citizen,White,11/11/2013,,N/A-StillEmployed,Active,Production       ,Kelley Spirea,18,LinkedIn,Fully Meets,5,3,01/08/2019,20
"Harrington, Christie ",10097,Production Technician I,08/18/52,F,Single,US Citizen,White,01/09/2012,12/15/2015,retiring,Voluntarily Terminated,Production       ,Webster Butler,39,CareerBuilder,Fully Meets,4.64,4,05/02/2015,8
"Harrison, Kara",10007,Production Technician I,05/02/1974,F,Married,US Citizen,White,05/12/2014,,N/A-StillEmployed,Active,Production       ,Amy Dunn,11,CareerBuilder,Exceeds,4.76,4,2/15/2019,5
"Heitzman, Anthony",10129,Production Technician I,01/04/1984,M ,Single,US Citizen,White,8/13/2012,,N/A-StillEmployed,Active,Production       ,Ketsia Liebig,19,Google Search,Fully Meets,4.17,4,02/11/2019,1
"Hendrickson, Trina",10075,Production Technician II,08/27/72,F,Single,US Citizen,White,01/10/2011,6/18/2013,hours,Voluntarily Terminated,Production       ,Kelley Spirea,18,CareerBuilder,Fully Meets,5,3,1/30/2013,15
"Hitchcock, Alfred",10167,Area Sales Manager,09/14/88,M ,Married,US Citizen,American Indian or Alaska Native,8/18/2014,,N/A-StillEmployed,Active,Sales,John Smith,17,Indeed,Fully Meets,3.6,5,1/30/2019,9
"Homberger, Adrienne  J",10195,Production Technician II,02/16/84,F,Married,Non-Citizen,White,8/15/2011,04/07/2012,relocation out of area,Voluntarily Terminated,Production       ,Michael Albert,30,Indeed,Fully Meets,3.03,5,03/05/2012,16
"Horton, Jayne",10112,Database Administrator,02/21/84,F,Single,US Citizen,White,3/30/2015,,N/A-StillEmployed,Active,IT/IS,Simon Roup,4,Indeed,Fully Meets,4.48,5,01/03/2019,4
"Houlihan, Debra",10272,Director of Sales,03/17/66,F,Married,US Citizen,White,05/05/2014,,N/A-StillEmployed,Active,Sales,Janet King,2,LinkedIn,Fully Meets,4.5,4,1/21/2019,19
"Howard, Estelle",10182,Administrative Assistant,09/16/85,F,Married,US Citizen,Black or African American,2/16/2015,4/15/2015,"no-call, no-show",Terminated for Cause,Admin Offices,Brandon R. LeBlanc,1,Indeed,Fully Meets,3.24,3,4/15/2015,6
"Hudson, Jane",10248,Production Technician I,06/10/1986,F,Single,US Citizen,White,2/20/2012,,N/A-StillEmployed,Active,Production       ,Ketsia Liebig,19,LinkedIn,Fully Meets,4.8,4,01/07/2019,4
"Hunts, Julissa",10201,Production Technician II,03/11/1984,F,Single,US Citizen,White,06/06/2016,,N/A-StillEmployed,Active,Production       ,Elijiah Gray,16,LinkedIn,Fully Meets,3,5,1/18/2019,4
"Hutter, Rosalie",10214,Production Technician II,05/07/1992,F,Separated,US Citizen,White,06/05/2015,,N/A-StillEmployed,Active,Production       ,Webster Butler,,Indeed,Fully Meets,4.5,3,2/14/2019,6
"Huynh, Ming",10160,Production Technician II,09/22/76,F,Divorced,US Citizen,White,2/21/2011,04/01/2013,unhappy,Voluntarily Terminated,Production       ,Amy Dunn,11,Google Search,Fully Meets,3.72,3,02/01/2013,18
"Immediato, Walter",10289,Production Manager,11/15/76,M ,Married,US Citizen,Asian,2/21/2011,9/24/2012,unhappy,Voluntarily Terminated,Production       ,Janet King,2,Indeed,Needs Improvement,2.34,2,04/12/2012,4
"Ivey, Rose ",10139,Production Technician I,01/28/91,F,Single,US Citizen,White,8/19/2013,,N/A-StillEmployed,Active,Production       ,Brannon Miller,12,Indeed,Fully Meets,3.99,3,1/14/2019,14
"Jackson, Maryellen",10227,Production Technician I,09/11/1972,F,Single,US Citizen,Black or African American,11/05/2012,,N/A-StillEmployed,Active,Production       ,David Stanley,14,LinkedIn,Fully Meets,4.1,3,1/17/2019,7
"Jacobi, Hannah  ",10236,Production Technician I,03/22/66,F,Divorced,US Citizen,White,9/30/2013,,N/A-StillEmployed,Active,Production       ,Kissy Sullivan,20,Employee Referral,Fully Meets,4.3,5,2/22/2019,7
"Jeannite, Tayana",10009,Production Technician II,11/06/1986,F,Divorced,US Citizen,American Indian or Alaska Native,07/05/2011,,N/A-StillEmployed,Active,Production       ,Ketsia Liebig,19,LinkedIn,Exceeds,4.6,4,2/25/2019,11
"Jhaveri, Sneha  ",10060,Production Technician I,04/13/64,F,Separated,US Citizen,White,01/06/2014,,N/A-StillEmployed,Active,Production       ,Kelley Spirea,18,LinkedIn,Fully Meets,5,5,1/21/2019,9
"Johnson, George",10034,Production Technician I,08/19/59,M ,Married,US Citizen,White,11/07/2011,4/29/2018,more money,Voluntarily Terminated,Production       ,Michael Albert,22,CareerBuilder,Exceeds,4.7,4,2/14/2018,9
"Johnson, Noelle ",10156,Database Administrator,11/07/1986,F,Married,US Citizen,Asian,01/05/2015,,N/A-StillEmployed,Active,IT/IS,Simon Roup,4,Indeed,Fully Meets,3.75,3,02/11/2019,2
"Johnston, Yen",10036,Production Technician II,09/08/1969,F,Single,US Citizen,White,07/07/2014,,N/A-StillEmployed,Active,Production       ,Brannon Miller,12,LinkedIn,Exceeds,4.3,3,01/11/2019,1
"Jung, Judy  ",10138,Production Technician I,04/17/86,F,Married,US Citizen,Black or African American,01/10/2011,04/01/2016,unhappy,Voluntarily Terminated,Production       ,Elijiah Gray,16,CareerBuilder,Fully Meets,4,4,02/03/2016,4
"Kampew, Donysha",10244,Sales Manager,11/11/1989,F,Single,US Citizen,White,11/07/2011,4/24/2014,maternity leave - did not return,Voluntarily Terminated,Sales,Debra Houlihan,15,Google Search,Fully Meets,4.5,5,3/30/2013,2
"Keatts, Kramer ",10192,Production Technician I,01/19/76,M ,Single,US Citizen,White,9/30/2013,,N/A-StillEmployed,Active,Production       ,Michael Albert,22,Indeed,Fully Meets,3.07,4,1/23/2019,10
"Khemmich, Bartholemew",10231,Area Sales Manager,11/27/79,M ,Single,US Citizen,White,8/19/2013,,N/A-StillEmployed,Active,Sales,Lynn Daneault,21,Indeed,Fully Meets,4.3,5,1/22/2019,13
"King, Janet",10089,President & CEO,09/21/54,F,Married,US Citizen,White,07/02/2012,,N/A-StillEmployed,Active,Executive Office,Board of Directors,9,Indeed,Fully Meets,4.83,3,1/17/2019,10
"Kinsella, Kathleen  ",10166,Production Technician I,12/08/1973,F,Married,US Citizen,White,9/26/2011,06/04/2015,more money,Voluntarily Terminated,Production       ,Webster Butler,39,Google Search,Fully Meets,3.6,5,03/01/2015,16
"Kirill, Alexandra  ",10170,Production Technician I,10/08/1970,F,Married,US Citizen,White,9/26/2011,01/09/2014,more money,Voluntarily Terminated,Production       ,Amy Dunn,11,Google Search,Fully Meets,3.49,4,1/30/2013,6
"Knapp, Bradley  J",10208,Production Technician I,11/10/1977,M ,Single,US Citizen,Black or African American,2/17/2014,,N/A-StillEmployed,Active,Production       ,Ketsia Liebig,19,LinkedIn,Fully Meets,3.1,3,02/06/2019,3
"Kretschmer, John",10176,Production Technician I,02/02/1980,M ,Married,US Citizen,Asian,01/10/2011,,N/A-StillEmployed,Active,Production       ,Brannon Miller,12,Indeed,Fully Meets,3.38,3,1/21/2019,17
"Kreuger, Freddy",10165,Area Sales Manager,02/24/69,M ,Single,US Citizen,Black or African American,03/07/2011,,N/A-StillEmployed,Active,Sales,John Smith,17,Diversity Job Fair,Fully Meets,3.65,5,1/17/2019,20
"Lajiri,  Jyoti",10113,Sr. Network Engineer,04/23/86,M ,Married,US Citizen,White,11/10/2014,,N/A-StillEmployed,Active,IT/IS,Peter Monroe,7,Employee Referral,Fully Meets,4.46,5,01/07/2019,7
"Landa, Hans",10092,Production Manager,07/01/1972,M ,Married,US Citizen,White,01/10/2011,12/12/2015,attendance,Terminated for Cause,Production       ,Janet King,2,Employee Referral,Fully Meets,4.78,4,2/15/2015,9
"Langford, Lindsey",10106,Production Technician II,07/25/79,F,Divorced,US Citizen,Asian,01/07/2013,3/31/2014,Another position,Voluntarily Terminated,Production       ,David Stanley,14,Indeed,Fully Meets,4.52,3,2/20/2014,20
"Langton, Enrico",10052,Production Technician I,12/09/1986,M ,Married,US Citizen,White,07/09/2012,,N/A-StillEmployed,Active,Production       ,David Stanley,14,LinkedIn,Fully Meets,5,5,02/04/2019,13
"LaRotonda, William  ",10038,Accountant I,04/26/84,M ,Divorced,US Citizen,Black or African American,01/06/2014,,N/A-StillEmployed,Active,Admin Offices,Brandon R. LeBlanc,1,Website,Fully Meets,5,4,1/17/2019,3
"Latif, Mohammed",10249,Production Technician II,05/09/1984,M ,Married,US Citizen,White,04/02/2012,4/15/2013,more money,Voluntarily Terminated,Production       ,Kissy Sullivan,20,Google Search,Fully Meets,4.9,3,2/20/2013,20
"Le, Binh",10232,Senior BI Developer,06/14/87,F,Single,US Citizen,Asian,10/02/2016,,N/A-StillEmployed,Active,IT/IS,Brian Champaigne,13,Indeed,Fully Meets,4.1,5,01/08/2019,2
"Leach, Dallas",10087,Production Technician I,01/17/79,F,Single,US Citizen,Asian,9/26/2011,8/19/2018,return to school,Voluntarily Terminated,Production       ,Kissy Sullivan,20,CareerBuilder,Fully Meets,4.88,3,07/02/2017,17
"LeBlanc, Brandon  R",10134,Shared Services Manager,06/10/1984,M ,Married,US Citizen,White,01/05/2016,,N/A-StillEmployed,Active,Admin Offices,Janet King,2,CareerBuilder,Fully Meets,4.1,4,1/28/2019,20
"Lecter, Hannibal",10251,Production Technician I,09/02/1982,M ,Married,US Citizen,Asian,5/14/2012,,N/A-StillEmployed,Active,Production       ,Elijiah Gray,16,Google Search,Fully Meets,4.1,3,2/22/2019,10
"Leruth, Giovanni",10103,Area Sales Manager,12/27/88,M ,Separated,US Citizen,Black or African American,4/30/2012,,N/A-StillEmployed,Active,Sales,John Smith,17,Website,Fully Meets,4.53,3,1/29/2019,16
"Liebig, Ketsia",10017,Production Manager,10/26/81,F,Married,US Citizen,White,9/30/2013,,N/A-StillEmployed,Active,Production       ,Janet King,2,Website,Exceeds,4.1,3,1/21/2019,11
"Linares, Marilyn ",10186,Production Technician I,03/26/81,F,Married,US Citizen,White,07/05/2011,9/26/2018,unhappy,Voluntarily Terminated,Production       ,Michael Albert,22,Indeed,Fully Meets,3.18,4,03/02/2018,16
"Linden, Mathew",10137,Production Technician II,03/19/79,M ,Married,US Citizen,White,07/08/2013,,N/A-StillEmployed,Active,Production       ,Kelley Spirea,18,LinkedIn,Fully Meets,4,3,2/18/2019,7
"Lindsay, Leonara ",10008,IT Support,10/05/1988,F,Single,US Citizen,Black or African American,1/21/2011,,N/A-StillEmployed,Active,IT/IS,Eric Dougall,6,Diversity Job Fair,Exceeds,4.64,4,1/25/2019,14
"Lundy, Susan",10096,Production Technician II,12/26/76,F,Widowed,US Citizen,White,07/08/2013,9/15/2016,more money,Voluntarily Terminated,Production       ,Michael Albert,22,LinkedIn,Fully Meets,4.65,4,06/10/2016,15
"Lunquist, Lisa",10035,Production Technician II,03/28/82,F,Single,US Citizen,Black or African American,8/19/2013,,N/A-StillEmployed,Active,Production       ,Elijiah Gray,16,Indeed,Exceeds,4.2,4,02/12/2019,19
"Lydon, Allison",10057,Production Technician I,10/22/75,F,Married,US Citizen,Black or African American,2/16/2015,,N/A-StillEmployed,Active,Production       ,Elijiah Gray,16,Website,Fully Meets,5,3,1/23/2019,6
"Lynch, Lindsay",10004,Production Technician I,02/14/73,F,Single,US Citizen,Black or African American,11/07/2011,11/14/2015,Another position,Voluntarily Terminated,Production       ,Webster Butler,39,Diversity Job Fair,Exceeds,5,4,02/02/2015,17
"MacLennan, Samuel",10191,Production Technician I,11/09/1972,M ,Widowed,US Citizen,White,9/24/2012,9/26/2017,hours,Voluntarily Terminated,Production       ,Amy Dunn,11,Indeed,Fully Meets,3.08,4,04/01/2017,18
"Mahoney, Lauren  ",10219,Production Technician I,07/07/1986,F,Single,US Citizen,White,01/06/2014,,N/A-StillEmployed,Active,Production       ,Ketsia Liebig,19,LinkedIn,Fully Meets,4.6,4,2/26/2019,14
"Manchester, Robyn",10077,Production Technician II,08/25/76,F,Married,US Citizen,White,05/11/2016,,N/A-StillEmployed,Active,Production       ,Webster Butler,,LinkedIn,Fully Meets,5,3,1/21/2019,4
"Mancuso, Karen",10073,Production Technician II,12/10/1986,F,Married,US Citizen,Two or more races,07/05/2011,8/19/2012,Another position,Voluntarily Terminated,Production       ,Amy Dunn,11,LinkedIn,Fully Meets,5,4,07/02/2012,16
"Mangal, Debbie",10279,Production Technician I,11/07/1974,F,Married,US Citizen,White,11/11/2013,,N/A-StillEmployed,Active,Production       ,Brannon Miller,12,LinkedIn,Fully Meets,4.1,3,1/22/2019,11
"Martin, Sandra",10110,Software Engineer,11/07/1987,F,Single,US Citizen,Asian,11/11/2013,,N/A-StillEmployed,Active,Software Engineering,Alex Sweetwater,10,Google Search,Fully Meets,4.5,5,1/14/2019,14
"Maurice, Shana",10053,Production Technician I,11/22/77,F,Married,US Citizen,White,5/31/2011,,N/A-StillEmployed,Active,Production       ,David Stanley,14,Indeed,Fully Meets,5,4,01/10/2019,8
"Carthy, B'rigit",10076,Production Technician II,05/21/87,F,Single,US Citizen,Black or African American,3/30/2015,,N/A-StillEmployed,Active,Production       ,Ketsia Liebig,19,LinkedIn,Fully Meets,5,5,02/07/2019,16
"Mckenna, Sandy",10145,Production Technician I,01/07/1987,F,Married,US Citizen,Black or African American,01/07/2013,,N/A-StillEmployed,Active,Production       ,Kissy Sullivan,20,CareerBuilder,Fully Meets,3.93,3,1/30/2019,20
"McKinzie, Jac",10202,Area Sales Manager,07/01/1984,M ,Married,US Citizen,Two or more races,07/06/2016,,N/A-StillEmployed,Active,Sales,Lynn Daneault,21,Website,Fully Meets,3.4,4,1/29/2019,7
"Meads, Elizabeth",10128,Production Technician I,05/30/68,F,Single,US Citizen,Black or African American,04/02/2012,11/11/2016,Another position,Voluntarily Terminated,Production       ,Kelley Spirea,18,Diversity Job Fair,Fully Meets,4.18,4,02/05/2016,17
"Medeiros, Jennifer",10068,Production Technician I,09/22/76,F,Single,US Citizen,White,3/30/2015,,N/A-StillEmployed,Active,Production       ,Michael Albert,22,CareerBuilder,Fully Meets,5,4,1/21/2019,10
"Miller, Brannon",10116,Production Manager,08/10/1981,M ,Single,US Citizen,Hispanic,8/16/2012,,N/A-StillEmployed,Active,Production       ,Janet King,2,Indeed,Fully Meets,4.37,3,1/14/2019,2
"Miller, Ned",10298,Production Technician II,06/29/85,M ,Single,US Citizen,White,8/15/2011,09/04/2014,unhappy,Voluntarily Terminated,Production       ,Brannon Miller,12,LinkedIn,PIP,3,2,1/14/2013,6
"Monkfish, Erasumus",10213,Production Technician II,08/17/92,M ,Married,US Citizen,White,11/07/2011,,N/A-StillEmployed,Active,Production       ,David Stanley,14,LinkedIn,Fully Meets,3.7,3,01/08/2019,14
"Monroe, Peter",10288,IT Manager - Infra,10/05/1986,M ,Married,Eligible NonCitizen,Black or African American,2/15/2012,,N/A-StillEmployed,Active,IT/IS,Jennifer Zamora,5,Diversity Job Fair,Needs Improvement,2.39,3,2/22/2019,13
"Monterro, Luisa",10025,Production Technician II,04/24/70,F,Single,US Citizen,Black or African American,5/13/2013,,N/A-StillEmployed,Active,Production       ,Kissy Sullivan,20,Indeed,Exceeds,4.7,3,1/14/2019,1
"Moran, Patrick",10223,Production Technician II,12/03/1976,M ,Single,US Citizen,Black or African American,01/09/2012,,N/A-StillEmployed,Active,Production       ,Kelley Spirea,18,Diversity Job Fair,Fully Meets,4.1,4,1/31/2019,12
"Morway, Tanya",10151,Network Engineer,04/04/1979,F,Married,US Citizen,White,2/16/2015,,N/A-StillEmployed,Active,IT/IS,Peter Monroe,7,CareerBuilder,Fully Meets,3.81,3,02/11/2019,6
"Motlagh,  Dawn",10254,Production Technician I,07/07/1984,F,Divorced,US Citizen,White,04/01/2013,,N/A-StillEmployed,Active,Production       ,Elijiah Gray,16,LinkedIn,Fully Meets,4.4,4,1/17/2019,18
"Moumanil, Maliki ",10120,Production Technician II,12/01/1974,M ,Separated,US Citizen,Black or African American,5/13/2013,,N/A-StillEmployed,Active,Production       ,Michael Albert,22,LinkedIn,Fully Meets,4.29,5,1/28/2019,11
"Myers, Michael",10216,Production Technician I,04/18/80,M ,Single,US Citizen,Asian,07/08/2013,,N/A-StillEmployed,Active,Production       ,Kissy Sullivan,20,LinkedIn,Fully Meets,4.1,4,1/22/2019,13
"Navathe, Kurt",10079,Senior BI Developer,04/25/70,M ,Single,US Citizen,Asian,02/10/2017,,N/A-StillEmployed,Active,IT/IS,Brian Champaigne,13,Indeed,Fully Meets,5,3,2/25/2019,17
"Ndzi, Colombui",10215,Production Technician I,05/02/1989,M ,Single,US Citizen,Black or African American,9/26/2011,04/04/2014,return to school,Voluntarily Terminated,Production       ,Webster Butler,39,Diversity Job Fair,Fully Meets,4.3,3,03/02/2013,19
"Ndzi, Horia",10185,Production Technician I,03/28/83,M ,Married,US Citizen,White,04/01/2013,5/25/2016,more money,Voluntarily Terminated,Production       ,Amy Dunn,11,Employee Referral,Fully Meets,3.18,3,03/06/2016,10
"Newman, Richard ",10063,Production Technician I,04/08/1977,M ,Married,US Citizen,White,05/12/2014,,N/A-StillEmployed,Active,Production       ,Ketsia Liebig,19,LinkedIn,Fully Meets,5,5,2/18/2019,11
"Ngodup, Shari ",10037,Production Technician I,06/03/1967,F,Separated,US Citizen,Black or African American,04/01/2013,,N/A-StillEmployed,Active,Production       ,Brannon Miller,12,Diversity Job Fair,Exceeds,4,3,2/13/2019,12
"Nguyen, Dheepa",10042,Area Sales Manager,03/31/89,F,Single,US Citizen,Two or more races,07/08/2013,,N/A-StillEmployed,Active,Sales,Lynn Daneault,21,Indeed,Fully Meets,5,5,1/25/2019,2
"Nguyen, Lei-Ming",10206,Production Technician I,07/07/1984,F,Single,US Citizen,White,07/08/2013,,N/A-StillEmployed,Active,Production       ,David Stanley,14,LinkedIn,Fully Meets,3.6,5,01/02/2019,4
"Nowlan, Kristie",10104,Production Technician II,11/23/85,F,Single,US Citizen,White,11/10/2014,,N/A-StillEmployed,Active,Production       ,Elijiah Gray,16,Indeed,Fully Meets,4.53,5,1/16/2019,5
"O'hare, Lynn",10303,Production Technician I,09/30/80,F,Single,US Citizen,Two or more races,3/31/2014,05/01/2018,performance,Terminated for Cause,Production       ,Kissy Sullivan,20,LinkedIn,PIP,2.33,2,03/09/2018,3
"Oliver, Brooke ",10078,Production Technician II,02/11/1952,F,Married,US Citizen,Asian,5/14/2012,8/19/2013,unhappy,Voluntarily Terminated,Production       ,Webster Butler,39,LinkedIn,Fully Meets,5,3,07/02/2013,17
"Onque, Jasmine",10121,Area Sales Manager,05/11/1990,F,Single,US Citizen,White,9/30/2013,,N/A-StillEmployed,Active,Sales,Lynn Daneault,21,Indeed,Fully Meets,4.28,3,1/25/2019,1
"Osturnka, Adeel",10021,Production Technician I,12/11/1976,M ,Married,US Citizen,White,9/30/2013,,N/A-StillEmployed,Active,Production       ,Kelley Spirea,18,LinkedIn,Exceeds,5,3,02/07/2019,13
"Owad, Clinton",10281,Production Technician I,11/24/79,M ,Single,US Citizen,Black or African American,2/17/2014,,N/A-StillEmployed,Active,Production       ,Michael Albert,22,LinkedIn,Needs Improvement,4.25,3,02/04/2019,6
"Ozark, Travis",10041,Area Sales Manager,05/19/82,M ,Single,US Citizen,White,01/05/2015,,N/A-StillEmployed,Active,Sales,John Smith,17,Website,Fully Meets,5,5,1/14/2019,18
"Panjwani, Nina",10148,Production Technician I,05/01/1979,F,Married,US Citizen,White,02/07/2011,01/12/2014,Another position,Voluntarily Terminated,Production       ,Elijiah Gray,16,Google Search,Fully Meets,3.89,4,03/04/2013,7
"Patronick, Lucas",10005,Software Engineer,02/20/79,M ,Single,US Citizen,Black or African American,11/07/2011,09/07/2015,Another position,Voluntarily Terminated,Software Engineering,Alex Sweetwater,10,Diversity Job Fair,Exceeds,5,5,8/16/2015,13
"Pearson, Randall",10259,Data Analyst,09/05/1984,M ,Married,US Citizen,White,12/01/2014,05/01/2016,performance,Voluntarily Terminated,IT/IS,Simon Roup,4,Employee Referral,Fully Meets,4.7,4,1/16/2016,19
"Smith, Martin",10286,Production Technician I,03/17/88,M ,Single,US Citizen,Black or African American,01/10/2011,12/28/2017,career change,Voluntarily Terminated,Production       ,Webster Butler,39,Google Search,Needs Improvement,3.54,5,04/06/2017,15
"Pelletier, Ermine",10297,Production Technician II,07/18/89,F,Married,US Citizen,Asian,07/05/2011,9/15/2015,unhappy,Voluntarily Terminated,Production       ,Amy Dunn,11,CareerBuilder,Needs Improvement,2.4,5,02/06/2015,2
"Perry, Shakira",10171,Production Technician I,07/20/86,F,Single,US Citizen,White,5/16/2011,10/25/2015,medical issues,Voluntarily Terminated,Production       ,Amy Dunn,11,LinkedIn,Fully Meets,3.45,4,5/13/2014,5
"Peters, Lauren",10032,Production Technician II,08/17/86,F,Married,US Citizen,White,5/16/2011,02/04/2013,more money,Voluntarily Terminated,Production       ,Ketsia Liebig,19,Indeed,Exceeds,4.2,5,01/10/2013,12
"Peterson, Ebonee  ",10130,Production Manager,05/09/1977,F,Married,US Citizen,White,10/25/2010,5/18/2016,Another position,Voluntarily Terminated,Production       ,Janet King,2,Indeed,Fully Meets,4.16,5,03/05/2015,6
"Petingill, Shana  ",10217,Production Technician II,03/10/1979,F,Married,Eligible NonCitizen,Asian,04/02/2012,,N/A-StillEmployed,Active,Production       ,Brannon Miller,12,LinkedIn,Fully Meets,4.3,3,1/14/2019,14
"Petrowsky, Thelma",10016,Data Analyst,09/16/84,F,Married,US Citizen,Black or African American,11/10/2014,,N/A-StillEmployed,Active,IT/IS,Simon Roup,4,Employee Referral,Exceeds,4.6,5,01/04/2019,16
"Pham, Hong",10050,Production Technician I,03/06/1988,M ,Married,US Citizen,Asian,07/05/2011,11/30/2012,more money,Voluntarily Terminated,Production       ,Brannon Miller,12,Google Search,Fully Meets,5,3,2/20/2012,13
"Pitt, Brad ",10164,Production Technician I,11/23/81,M ,Single,US Citizen,White,11/05/2007,,N/A-StillEmployed,Active,Production       ,David Stanley,14,Google Search,Fully Meets,3.66,3,2/25/2019,15
"Potts, Xana",10124,Area Sales Manager,08/29/88,F,Married,US Citizen,Black or African American,01/09/2012,,N/A-StillEmployed,Active,Sales,Lynn Daneault,21,Website,Fully Meets,4.2,5,02/01/2019,9
"Power, Morissa",10187,Production Technician I,10/15/84,F,Divorced,Eligible NonCitizen,Asian,5/16/2011,06/04/2018,Another position,Voluntarily Terminated,Production       ,Kissy Sullivan,20,Google Search,Fully Meets,3.17,4,04/02/2018,14
"Punjabhi, Louis  ",10225,Production Technician I,06/19/61,M ,Single,US Citizen,White,01/06/2014,,N/A-StillEmployed,Active,Production       ,Kelley Spirea,18,Employee Referral,Fully Meets,4.8,3,01/07/2019,14
"Purinton, Janine",10262,Production Technician I,09/22/70,F,Divorced,US Citizen,White,9/24/2012,6/18/2013,unhappy,Voluntarily Terminated,Production       ,Kissy Sullivan,20,Indeed,Fully Meets,4.5,5,04/02/2013,16
"Quinn, Sean",10131,Software Engineer,11/06/1984,M ,Married,Eligible NonCitizen,Black or African American,2/21/2011,8/15/2015,career change,Voluntarily Terminated,Software Engineering,Janet King,2,Diversity Job Fair,Fully Meets,4.15,4,4/19/2014,4
"Rachael, Maggie",10239,BI Developer,05/12/1980,F,Married,US Citizen,Black or African American,10/02/2016,,N/A-StillEmployed,Active,IT/IS,Brian Champaigne,13,Indeed,Fully Meets,4.4,4,02/06/2019,10
"Rarrick, Quinn",10152,Production Technician I,12/31/84,M ,Divorced,US Citizen,White,9/26/2011,04/07/2018,more money,Voluntarily Terminated,Production       ,Michael Albert,22,Indeed,Fully Meets,3.8,5,02/04/2018,19
"Ren, Kylo",10140,Area Sales Manager,10/12/1954,M ,Married,US Citizen,White,05/12/2014,,N/A-StillEmployed,Active,Sales,John Smith,17,CareerBuilder,Fully Meets,3.98,3,1/28/2019,4
"Rhoads, Thomas",10058,Production Technician I,07/22/82,M ,Divorced,US Citizen,White,5/16/2011,1/15/2016,retiring,Voluntarily Terminated,Production       ,Elijiah Gray,16,LinkedIn,Fully Meets,5,4,3/30/2015,11
"Rivera, Haley  ",10011,Production Technician I,01/12/1973,F,Married,US Citizen,Asian,11/28/2011,,N/A-StillEmployed,Active,Production       ,Webster Butler,,Google Search,Exceeds,4.36,5,02/11/2019,16
"Roberson, May",10230,Production Technician II,09/05/1981,F,Divorced,Eligible NonCitizen,Black or African American,9/26/2011,10/22/2011,return to school,Voluntarily Terminated,Production       ,David Stanley,14,Google Search,Fully Meets,4.5,4,10/22/2011,10
"Robertson, Peter",10224,Production Technician II,07/03/1972,M ,Married,US Citizen,White,07/05/2011,02/08/2012,Another position,Voluntarily Terminated,Production       ,Kissy Sullivan,20,Indeed,Fully Meets,4.2,5,01/06/2012,13
"Robinson, Alain  ",10047,Production Technician I,01/07/1974,M ,Married,US Citizen,Black or African American,01/10/2011,1/26/2016,attendance,Voluntarily Terminated,Production       ,Amy Dunn,11,Indeed,Fully Meets,5,3,01/10/2015,11
"Robinson, Cherly",10285,Production Technician I,01/07/1985,F,Married,US Citizen,White,01/10/2011,5/17/2016,attendance,Terminated for Cause,Production       ,Ketsia Liebig,19,Indeed,Needs Improvement,3.6,3,04/05/2016,16
"Robinson, Elias",10020,Production Technician I,01/28/85,M ,Widowed,US Citizen,White,07/08/2013,,N/A-StillEmployed,Active,Production       ,Brannon Miller,12,Employee Referral,Exceeds,3.6,5,02/11/2019,4
"Roby, Lori ",10162,Data Analyst,10/11/1981,F,Married,US Citizen,White,2/16/2015,,N/A-StillEmployed,Active,IT/IS,Simon Roup,4,Employee Referral,Fully Meets,3.69,5,2/14/2019,15
"Roehrich, Bianca",10149,Principal Data Architect,05/27/73,F,Single,US Citizen,White,01/05/2015,11/10/2018,Another position,Voluntarily Terminated,IT/IS,Simon Roup,4,LinkedIn,Fully Meets,3.88,3,2/13/2018,12
"Roper, Katie",10086,Data Architect,11/21/72,F,Single,US Citizen,Black or African American,01/07/2017,,N/A-StillEmployed,Active,IT/IS,Brian Champaigne,13,Indeed,Fully Meets,4.94,3,02/06/2019,17
"Rose, Ashley  ",10054,Production Technician I,12/05/1974,F,Separated,US Citizen,White,01/06/2014,,N/A-StillEmployed,Active,Production       ,David Stanley,14,Website,Fully Meets,5,4,1/31/2019,8
"Rossetti, Bruno",10065,Production Technician I,03/18/87,M ,Single,US Citizen,White,04/04/2011,8/13/2018,Another position,Voluntarily Terminated,Production       ,Kissy Sullivan,20,Google Search,Fully Meets,5,5,07/02/2018,4
"Roup,Simon",10198,IT Manager - DB,04/05/1973,M ,Single,US Citizen,White,1/20/2013,,N/A-StillEmployed,Active,IT/IS,Jennifer Zamora,5,Indeed,Fully Meets,3.6,5,2/18/2019,13
"Ruiz, Ricardo",10222,IT Manager - DB,01/04/1964,M ,Divorced,US Citizen,Black or African American,01/09/2012,11/04/2015,hours,Voluntarily Terminated,IT/IS,Jennifer Zamora,5,Diversity Job Fair,Fully Meets,4.3,4,01/04/2015,8
"Saada, Adell",10126,Software Engineer,07/24/86,F,Married,US Citizen,White,11/05/2012,,N/A-StillEmployed,Active,Software Engineering,Alex Sweetwater,10,Indeed,Fully Meets,4.2,3,2/13/2019,2
"Saar-Beckles, Melinda",10295,Production Technician I,06/06/1968,F,Single,US Citizen,Black or African American,07/04/2016,,N/A-StillEmployed,Active,Production       ,Kelley Spirea,18,Diversity Job Fair,Needs Improvement,2.6,4,2/18/2019,4
"Sadki, Nore  ",10260,Production Technician I,12/21/74,M ,Single,US Citizen,White,01/05/2009,7/30/2018,relocation out of area,Voluntarily Terminated,Production       ,Michael Albert,22,Google Search,Fully Meets,4.6,5,02/05/2018,7
"Sahoo, Adil",10233,Production Technician II,04/26/86,M ,Married,US Citizen,White,8/30/2010,,N/A-StillEmployed,Active,Production       ,Kelley Spirea,18,CareerBuilder,Fully Meets,4.1,3,01/10/2019,13
"Salter, Jason",10229,Data Analyst ,12/17/87,M ,Divorced,US Citizen,Black or African American,01/05/2015,10/31/2015,hours,Voluntarily Terminated,IT/IS,Simon Roup,4,LinkedIn,Fully Meets,4.2,3,4/20/2015,2
"Sander, Kamrin",10169,Production Technician I,07/10/1988,F,Married,US Citizen,Black or African American,9/29/2014,,N/A-StillEmployed,Active,Production       ,Elijiah Gray,16,LinkedIn,Fully Meets,3.51,3,2/18/2019,2
"Sewkumar, Nori",10071,Production Technician I,03/10/1975,F,Single,US Citizen,Asian,9/30/2013,,N/A-StillEmployed,Active,Production       ,Webster Butler,,Google Search,Fully Meets,5,5,02/06/2019,14
"Shepard, Anita ",10179,Network Engineer,04/14/81,F,Married,US Citizen,White,9/30/2014,,N/A-StillEmployed,Active,IT/IS,Peter Monroe,7,LinkedIn,Fully Meets,3.31,3,01/07/2019,7
"Shields, Seffi",10091,Production Technician I,08/24/85,F,Married,US Citizen,White,8/19/2013,,N/A-StillEmployed,Active,Production       ,Amy Dunn,11,LinkedIn,Fully Meets,4.81,4,2/15/2019,15
"Simard, Kramer",10178,Data Analyst,02/08/1970,M ,Married,US Citizen,White,01/05/2015,,N/A-StillEmployed,Active,IT/IS,Simon Roup,4,Employee Referral,Fully Meets,3.32,3,1/14/2019,16
"Singh, Nan ",10039,Administrative Assistant,05/19/88,F,Single,US Citizen,White,05/01/2015,,N/A-StillEmployed,Active,Admin Offices,Brandon R. LeBlanc,1,Website,Fully Meets,5,3,1/15/2019,2
"Sloan, Constance",10095,Production Technician II,11/25/87,F,Single,US Citizen,White,10/26/2009,04/08/2015,maternity leave - did not return,Voluntarily Terminated,Production       ,Michael Albert,22,CareerBuilder,Fully Meets,4.68,4,04/02/2015,20
"Smith, Joe",10027,Production Technician II,10/30/63,M ,Single,US Citizen,White,9/29/2014,,N/A-StillEmployed,Active,Production       ,Elijiah Gray,16,Indeed,Exceeds,4.3,3,1/28/2019,4
"Smith, John",10291,Sales Manager,08/16/84,M ,Divorced,US Citizen,Black or African American,5/18/2014,,N/A-StillEmployed,Active,Sales,Debra Houlihan,15,Diversity Job Fair,Needs Improvement,2.4,4,1/16/2019,16
"Smith, Leigh Ann",10153,Administrative Assistant,06/14/87,F,Married,US Citizen,Black or African American,9/26/2011,9/25/2013,career change,Voluntarily Terminated,Admin Offices,Brandon R. LeBlanc,1,Diversity Job Fair,Fully Meets,3.8,4,8/15/2013,17
"Smith, Sade",10157,Production Technician I,02/02/1965,F,Single,US Citizen,White,11/11/2013,,N/A-StillEmployed,Active,Production       ,Ketsia Liebig,19,Employee Referral,Fully Meets,3.73,3,1/24/2019,16
"Soto, Julia ",10119,IT Support,03/12/1973,F,Married,US Citizen,Black or African American,06/10/2011,,N/A-StillEmployed,Active,IT/IS,Eric Dougall,6,LinkedIn,Fully Meets,4.3,3,02/08/2019,19
"Soze, Keyser",10180,Sr. Network Engineer,02/09/1983,M ,Married,US Citizen,Asian,6/30/2016,,N/A-StillEmployed,Active,IT/IS,Peter Monroe,7,LinkedIn,Fully Meets,3.27,4,1/14/2019,13
"Sparks, Taylor  ",10302,Production Technician I,07/20/68,F,Married,US Citizen,White,2/20/2012,,N/A-StillEmployed,Active,Production       ,Brannon Miller,12,Indeed,PIP,2.4,2,2/25/2019,20
"Spirea, Kelley",10090,Production Manager,09/30/75,F,Married,US Citizen,White,10/02/2012,,N/A-StillEmployed,Active,Production       ,Janet King,2,LinkedIn,Fully Meets,4.83,5,2/14/2019,15
"Squatrito, Kristen",10030,Production Technician I,03/26/73,F,Divorced,US Citizen,White,5/13/2013,6/29/2015,unhappy,Voluntarily Terminated,Production       ,David Stanley,14,LinkedIn,Exceeds,4.1,4,03/02/2015,16
"Stanford,Barbara  M",10278,Production Technician I,08/25/82,F,Divorced,US Citizen,Two or more races,01/10/2011,,N/A-StillEmployed,Active,Production       ,Kissy Sullivan,20,Google Search,Fully Meets,4.1,4,02/07/2019,9
"Stansfield, Norman",10307,Area Sales Manager,05/09/1974,M ,Married,US Citizen,White,05/12/2014,,N/A-StillEmployed,Active,Sales,Lynn Daneault,21,Website,PIP,1.81,2,1/17/2019,5
"Steans, Tyrone  ",10147,Accountant I,09/01/1986,M ,Single,US Citizen,White,9/29/2014,,N/A-StillEmployed,Active,Admin Offices,Brandon R. LeBlanc,1,Indeed,Fully Meets,3.9,5,1/18/2019,9
"Stoica, Rick",10266,Production Technician I,03/14/85,M ,Married,US Citizen,Asian,2/17/2014,,N/A-StillEmployed,Active,Production       ,Kelley Spirea,18,LinkedIn,Fully Meets,4.7,3,01/11/2019,4
"Strong, Caitrin",10241,Area Sales Manager,05/12/1989,F,Married,US Citizen,Black or African American,9/27/2010,,N/A-StillEmployed,Active,Sales,John Smith,17,Indeed,Fully Meets,4.1,4,1/31/2019,18
"Sullivan, Kissy ",10158,Production Manager,03/28/78,F,Married,US Citizen,Black or African American,01/08/2009,,N/A-StillEmployed,Active,Production       ,Janet King,2,Indeed,Fully Meets,3.73,4,1/24/2019,12
"Sullivan, Timothy",10117,Production Technician I,10/07/1982,M ,Married,US Citizen,White,01/05/2015,,N/A-StillEmployed,Active,Production       ,Michael Albert,22,Google Search,Fully Meets,4.36,5,1/24/2019,10
"Sutwell, Barbara",10209,Production Technician I,08/15/68,F,Single,Eligible NonCitizen,Asian,5/14/2012,,N/A-StillEmployed,Active,Production       ,Elijiah Gray,16,Indeed,Fully Meets,3.4,5,1/31/2019,13
"Szabo, Andrew",10024,Software Engineer,05/06/1983,M ,Single,US Citizen,White,07/07/2014,,N/A-StillEmployed,Active,Software Engineering,Alex Sweetwater,10,LinkedIn,Exceeds,4.5,5,2/18/2019,1
"Tannen, Biff",10173,BI Developer,10/24/87,M ,Married,US Citizen,White,4/20/2017,,N/A-StillEmployed,Active,IT/IS,Brian Champaigne,13,Indeed,Fully Meets,3.4,3,01/02/2019,14
"Tavares, Desiree  ",10221,Production Technician I,04/03/1975,F,Married,Non-Citizen,Black or African American,4/27/2009,04/01/2013,Another position,Voluntarily Terminated,Production       ,Webster Butler,39,Diversity Job Fair,Fully Meets,4.5,5,2/15/2012,11
"Tejeda, Lenora ",10146,Production Technician II,05/24/53,F,Married,US Citizen,White,5/16/2011,07/08/2017,Another position,Voluntarily Terminated,Production       ,Elijiah Gray,16,Google Search,Fully Meets,3.93,3,4/18/2017,3
"Terry, Sharlene ",10161,Area Sales Manager,05/07/1965,F,Single,US Citizen,Black or African American,9/29/2014,,N/A-StillEmployed,Active,Sales,Lynn Daneault,21,Indeed,Fully Meets,3.69,3,1/28/2019,18
"Theamstern, Sophia",10141,Production Technician I,05/09/1965,F,Single,US Citizen,White,07/05/2011,09/05/2016,return to school,Voluntarily Terminated,Production       ,Amy Dunn,11,Indeed,Fully Meets,3.98,4,03/02/2016,1
"Thibaud, Kenneth",10268,Production Technician II,09/16/75,M ,Widowed,US Citizen,White,6/25/2007,8/30/2010,military,Voluntarily Terminated,Production       ,Webster Butler,39,Other,Fully Meets,4.1,4,7/14/2010,15
"Tippett, Jeanette",10123,Production Technician I,06/05/1967,F,Divorced,US Citizen,Black or African American,2/18/2013,,N/A-StillEmployed,Active,Production       ,Brannon Miller,12,Indeed,Fully Meets,4.21,5,1/14/2019,4
"Torrence, Jack",10013,Area Sales Manager,01/15/68,M ,Separated,US Citizen,White,01/09/2006,,N/A-StillEmployed,Active,Sales,Lynn Daneault,21,Indeed,Exceeds,4.1,3,01/04/2019,6
"Trang, Mei",10287,Production Technician I,05/16/83,F,Single,US Citizen,White,2/17/2014,,N/A-StillEmployed,Active,Production       ,David Stanley,14,LinkedIn,Needs Improvement,2.44,5,02/11/2019,18
"Tredinnick, Neville ",10044,Network Engineer,05/05/1988,M ,Married,US Citizen,White,01/05/2015,02/12/2016,medical issues,Voluntarily Terminated,IT/IS,Peter Monroe,7,CareerBuilder,Fully Meets,5,3,4/15/2015,11
"True, Edward",10102,Software Engineer,06/14/83,M ,Single,Non-Citizen,Black or African American,2/18/2013,4/15/2018,medical issues,Voluntarily Terminated,Software Engineering,Alex Sweetwater,10,Diversity Job Fair,Fully Meets,4.6,3,02/12/2017,9
"Trzeciak, Cybil",10270,Production Technician II,03/15/85,F,Single,US Citizen,White,01/10/2011,07/02/2014,unhappy,Voluntarily Terminated,Production       ,Amy Dunn,11,LinkedIn,Fully Meets,4.4,3,01/05/2014,5
"Turpin, Jumil",10045,Network Engineer,03/31/69,M ,Married,Eligible NonCitizen,White,3/30/2015,,N/A-StillEmployed,Active,IT/IS,Peter Monroe,7,Employee Referral,Fully Meets,5,4,1/14/2019,8
"Valentin,Jackie",10205,Area Sales Manager,05/23/91,F,Married,US Citizen,Two or more races,07/05/2011,,N/A-StillEmployed,Active,Sales,John Smith,17,Indeed,Fully Meets,2.81,3,1/17/2019,16
"Veera, Abdellah ",10014,Production Technician I,01/31/87,M ,Divorced,US Citizen,White,8/13/2012,02/05/2016,maternity leave - did not return,Voluntarily Terminated,Production       ,Kissy Sullivan,20,LinkedIn,Exceeds,4.5,5,02/01/2016,15
"Vega, Vincent",10144,Production Manager,10/10/1968,M ,Divorced,US Citizen,White,08/01/2011,,N/A-StillEmployed,Active,Production       ,Janet King,2,Employee Referral,Fully Meets,3.93,3,2/27/2019,19
"Villanueva, Noah",10253,Area Sales Manager,07/11/1989,M ,Single,US Citizen,Asian,03/05/2012,,N/A-StillEmployed,Active,Sales,John Smith,17,Website,Fully Meets,4.5,4,1/18/2019,11
"Voldemort, Lord",10118,Database Administrator,08/07/1986,M ,Married,US Citizen,Black or African American,2/16/2015,2/22/2017,"no-call, no-show",Terminated for Cause,IT/IS,Simon Roup,4,Employee Referral,Fully Meets,4.33,3,2/15/2017,9
"Volk, Colleen",10022,Production Technician I,06/03/1986,F,Married,US Citizen,White,9/26/2011,02/08/2016,gross misconduct,Terminated for Cause,Production       ,Kelley Spirea,18,Google Search,Exceeds,4.3,5,02/01/2015,18
"Von Massenbach, Anna",10183,Production Technician I,04/06/1985,F,Single,US Citizen,White,07/05/2015,,N/A-StillEmployed,Active,Production       ,Michael Albert,22,LinkedIn,Fully Meets,3.21,3,1/29/2019,7
"Walker, Roger",10190,Production Technician II,02/10/1976,M ,Single,US Citizen,Black or African American,8/18/2014,,N/A-StillEmployed,Active,Production       ,Ketsia Liebig,19,Employee Referral,Fully Meets,3.11,5,02/12/2019,4
"Wallace, Courtney  E",10274,Production Manager,11/14/55,F,Married,US Citizen,Black or African American,9/26/2011,01/02/2012,Another position,Voluntarily Terminated,Production       ,Janet King,2,Diversity Job Fair,Fully Meets,4.5,3,01/02/2012,5
"Wallace, Theresa",10293,Production Technician I,08/02/1980,F,Single,US Citizen,White,8/13/2012,09/01/2015,career change,Voluntarily Terminated,Production       ,Elijiah Gray,16,CareerBuilder,Needs Improvement,2.5,3,09/05/2014,13
"Wang, Charlie",10172,Senior BI Developer,07/08/1981,M ,Single,US Citizen,Asian,2/15/2017,,N/A-StillEmployed,Active,IT/IS,Brian Champaigne,13,Indeed,Fully Meets,3.42,4,01/04/2019,17
"Warfield, Sarah",10127,Sr. Network Engineer,05/02/1978,F,Widowed,US Citizen,Asian,3/30/2015,,N/A-StillEmployed,Active,IT/IS,Peter Monroe,7,Employee Referral,Fully Meets,4.2,4,02/05/2019,7
"Whittier, Scott",10072,Production Technician I,05/24/87,M ,Single,US Citizen,White,01/10/2011,5/15/2014,hours,Voluntarily Terminated,Production       ,Webster Butler,39,LinkedIn,Fully Meets,5,5,5/15/2014,11
"Wilber, Barry",10048,Production Technician I,09/09/1965,M ,Married,Eligible NonCitizen,White,5/16/2011,09/07/2015,unhappy,Voluntarily Terminated,Production       ,Amy Dunn,11,Website,Fully Meets,5,3,2/15/2015,7
"Wilkes, Annie",10204,Production Technician I,07/30/83,F,Divorced,US Citizen,White,01/10/2011,5/14/2012,Another position,Voluntarily Terminated,Production       ,Ketsia Liebig,19,Google Search,Fully Meets,3.6,5,02/06/2011,9
"Williams, Jacquelyn  ",10264,Production Technician I,10/02/1969,F,Single,US Citizen,Black or African American,01/09/2012,6/27/2015,relocation out of area,Voluntarily Terminated,Production       ,Ketsia Liebig,19,Diversity Job Fair,Fully Meets,4.3,4,06/02/2014,16
"Winthrop, Jordan  ",10033,Production Technician II,11/07/1958,M ,Single,US Citizen,White,01/07/2013,2/21/2016,retiring,Voluntarily Terminated,Production       ,Brannon Miller,12,LinkedIn,Exceeds,5,3,1/19/2016,7
"Wolk, Hang  T",10174,Production Technician II,04/20/85,F,Single,US Citizen,White,9/29/2014,,N/A-StillEmployed,Active,Production       ,David Stanley,14,LinkedIn,Fully Meets,3.4,4,2/21/2019,14
"Woodson, Jason",10135,Production Technician II,05/11/1985,M ,Single,US Citizen,White,07/07/2014,,N/A-StillEmployed,Active,Production       ,Kissy Sullivan,20,LinkedIn,Fully Meets,4.07,4,2/28/2019,13
"Ybarra, Catherine ",10301,Production Technician I,05/04/1982,F,Single,US Citizen,Asian,09/02/2008,9/29/2015,Another position,Voluntarily Terminated,Production       ,Brannon Miller,12,Google Search,PIP,3.2,2,09/02/2015,4
"Zamora, Jennifer",10010,CIO,08/30/79,F,Single,US Citizen,White,04/10/2010,,N/A-StillEmployed,Active,IT/IS,Janet King,2,Employee Referral,Exceeds,4.6,5,2/21/2019,16
"Zhou, Julia",10043,Data Analyst,02/24/79,F,Single,US Citizen,White,3/30/2015,,N/A-StillEmployed,Active,IT/IS,Simon Roup,4,Employee Referral,Fully Meets,5,3,02/01/2019,11
"Zima, Colleen",10271,Production Technician I,08/17/78,F,Widowed,US Citizen,Asian,9/29/2014,,N/A-StillEmployed,Active,Production       ,David Stanley,14,LinkedIn,Fully Meets,4.5,5,1/30/2019,2
